page_id,fixture,title_match,legacy_records_count,canonical_extractions_count
003e69cb-f908-470d-bab2-c26eed3c63d3,fixtures\reading_list\003e69cb-f908-470d-bab2-c26eed3c63d3.json,False,0,1
00f24000-f241-438b-a023-d872bc2b59e6,fixtures\reading_list\00f24000-f241-438b-a023-d872bc2b59e6.json,False,0,1
02eedcf7-bc5a-406e-ba94-01f7e39a25cd,fixtures\reading_list\02eedcf7-bc5a-406e-ba94-01f7e39a25cd.json,False,0,1
02fef9f2-c5c2-47ee-a111-eb7788556c5e,fixtures\reading_list\02fef9f2-c5c2-47ee-a111-eb7788556c5e.json,False,0,1
033342f8-04d7-4a83-b56e-7d8b056b12e2,fixtures\reading_list\033342f8-04d7-4a83-b56e-7d8b056b12e2.json,False,0,1
03b10d6a-c955-46b7-b47e-6ed24bc3cb7b,fixtures\reading_list\03b10d6a-c955-46b7-b47e-6ed24bc3cb7b.json,False,0,0
048e79cb-5189-4355-a03c-c4abd1a51afd,fixtures\reading_list\048e79cb-5189-4355-a03c-c4abd1a51afd.json,False,0,1
055e2b8c-f9bc-48df-87e8-b524c949bff7,fixtures\reading_list\055e2b8c-f9bc-48df-87e8-b524c949bff7.json,False,0,1
058d7cf3-d0d1-4404-9c00-114f12e17802,fixtures\reading_list\058d7cf3-d0d1-4404-9c00-114f12e17802.json,False,0,1
060989c9-da7d-41d8-9ad2-04ebad13c871,fixtures\reading_list\060989c9-da7d-41d8-9ad2-04ebad13c871.json,False,0,2
07693b77-012d-41f4-a33e-7e9b3cfa22f1,fixtures\reading_list\07693b77-012d-41f4-a33e-7e9b3cfa22f1.json,False,0,1
08272a7a-133a-43fe-ad78-979dbccf128f,fixtures\reading_list\08272a7a-133a-43fe-ad78-979dbccf128f.json,False,0,1
0bae74ea-9a64-4781-94b4-cb109c297bfb,fixtures\reading_list\0bae74ea-9a64-4781-94b4-cb109c297bfb.json,False,0,2
0bc6ac3e-a597-40c0-b914-eeb5d229c7e8,fixtures\reading_list\0bc6ac3e-a597-40c0-b914-eeb5d229c7e8.json,False,0,1
0c06813a-4a18-460a-9912-24c843d6f2a9,fixtures\reading_list\0c06813a-4a18-460a-9912-24c843d6f2a9.json,False,0,1
0eb644e8-8ffa-4903-a6f8-f2837c5ac666,fixtures\reading_list\0eb644e8-8ffa-4903-a6f8-f2837c5ac666.json,False,0,1
0f2dffa6-d4be-4460-a188-6a45a8cef54e,fixtures\reading_list\0f2dffa6-d4be-4460-a188-6a45a8cef54e.json,False,0,1
0fa04787-ce26-44e3-b823-fb9a424144f9,fixtures\reading_list\0fa04787-ce26-44e3-b823-fb9a424144f9.json,False,0,1
10ee2f9a-073b-4706-8f15-c294d689e319,fixtures\reading_list\10ee2f9a-073b-4706-8f15-c294d689e319.json,False,0,0
12f21e6c-2353-4ad2-83ae-73557725d22d,fixtures\reading_list\12f21e6c-2353-4ad2-83ae-73557725d22d.json,False,0,1
1320c318-6a70-4c96-aca3-31486b3e5139,fixtures\reading_list\1320c318-6a70-4c96-aca3-31486b3e5139.json,False,0,1
133c4fbd-ae35-4ae7-97fc-4e354d976fa2,fixtures\reading_list\133c4fbd-ae35-4ae7-97fc-4e354d976fa2.json,False,0,1
136f6fd9-63eb-4df5-8f84-bac60bbfc355,fixtures\reading_list\136f6fd9-63eb-4df5-8f84-bac60bbfc355.json,False,0,1
15232c7b-7d9a-4574-bb5f-9d11b60ac5fb,fixtures\reading_list\15232c7b-7d9a-4574-bb5f-9d11b60ac5fb.json,False,0,0
15256f2e-bb54-496a-8a26-1516956f8dde,fixtures\reading_list\15256f2e-bb54-496a-8a26-1516956f8dde.json,False,0,1
1786f980-4468-439e-9de8-c3e9ccd24c72,fixtures\reading_list\1786f980-4468-439e-9de8-c3e9ccd24c72.json,False,0,0
17c20953-fb22-4346-b8e5-938e56b2be51,fixtures\reading_list\17c20953-fb22-4346-b8e5-938e56b2be51.json,False,0,1
18473a97-c64c-40ee-9e2d-f28b7ec74c48,fixtures\reading_list\18473a97-c64c-40ee-9e2d-f28b7ec74c48.json,False,0,2
1877dfeb-4037-4c72-8c5c-a0fc4127e3ce,fixtures\reading_list\1877dfeb-4037-4c72-8c5c-a0fc4127e3ce.json,False,0,1
189f2a61-52f2-477e-b2b4-eebe2934fb4c,fixtures\reading_list\189f2a61-52f2-477e-b2b4-eebe2934fb4c.json,False,0,2
18b4750c-f3ba-8001-846c-eddab66ea586,fixtures\reading_list\18b4750c-f3ba-8001-846c-eddab66ea586.json,False,0,1
18b4750c-f3ba-8005-9ff0-d7886becd1e4,fixtures\reading_list\18b4750c-f3ba-8005-9ff0-d7886becd1e4.json,False,0,1
18b4750c-f3ba-8013-9a0f-c751a75b5143,fixtures\reading_list\18b4750c-f3ba-8013-9a0f-c751a75b5143.json,False,0,1
18b4750c-f3ba-8013-a14e-cc3d2eaf6f7b,fixtures\reading_list\18b4750c-f3ba-8013-a14e-cc3d2eaf6f7b.json,False,0,1
18b4750c-f3ba-8042-b170-f80ea9d94cf9,fixtures\reading_list\18b4750c-f3ba-8042-b170-f80ea9d94cf9.json,False,0,1
18b4750c-f3ba-8049-9100-dfca1f25a43f,fixtures\reading_list\18b4750c-f3ba-8049-9100-dfca1f25a43f.json,False,0,1
18b4750c-f3ba-804e-84e1-f723b57d34a6,fixtures\reading_list\18b4750c-f3ba-804e-84e1-f723b57d34a6.json,False,0,1
18b4750c-f3ba-805b-9338-f8d147477c97,fixtures\reading_list\18b4750c-f3ba-805b-9338-f8d147477c97.json,False,0,1
18b4750c-f3ba-807b-8f2d-cd625bdc13f1,fixtures\reading_list\18b4750c-f3ba-807b-8f2d-cd625bdc13f1.json,False,0,1
18b4750c-f3ba-8086-a22f-f7799f428865,fixtures\reading_list\18b4750c-f3ba-8086-a22f-f7799f428865.json,False,0,1
18b4750c-f3ba-8093-896a-c6d3305df7f8,fixtures\reading_list\18b4750c-f3ba-8093-896a-c6d3305df7f8.json,False,0,1
18b4750c-f3ba-80ac-aebf-e138d8c5fc9b,fixtures\reading_list\18b4750c-f3ba-80ac-aebf-e138d8c5fc9b.json,False,0,1
18b4750c-f3ba-80b6-a8a8-dc0f6228781d,fixtures\reading_list\18b4750c-f3ba-80b6-a8a8-dc0f6228781d.json,False,0,1
18b4750c-f3ba-80bf-8703-db27a50b8f28,fixtures\reading_list\18b4750c-f3ba-80bf-8703-db27a50b8f28.json,False,0,1
18b4750c-f3ba-80ee-be85-c86f9e7d8bbf,fixtures\reading_list\18b4750c-f3ba-80ee-be85-c86f9e7d8bbf.json,False,0,1
18c4750c-f3ba-8008-a03a-c2176d5517a8,fixtures\reading_list\18c4750c-f3ba-8008-a03a-c2176d5517a8.json,False,0,1
18c4750c-f3ba-8008-a36d-e58a8865f9e3,fixtures\reading_list\18c4750c-f3ba-8008-a36d-e58a8865f9e3.json,False,0,1
18c4750c-f3ba-8009-9b80-e3ad7e32e394,fixtures\reading_list\18c4750c-f3ba-8009-9b80-e3ad7e32e394.json,False,0,1
18c4750c-f3ba-800a-bb2d-f1d25e1094a9,fixtures\reading_list\18c4750c-f3ba-800a-bb2d-f1d25e1094a9.json,False,0,2
18c4750c-f3ba-800f-87b5-dbdbf1d32668,fixtures\reading_list\18c4750c-f3ba-800f-87b5-dbdbf1d32668.json,False,0,1
18c4750c-f3ba-8010-9cc5-f7c88979ec06,fixtures\reading_list\18c4750c-f3ba-8010-9cc5-f7c88979ec06.json,False,0,1
18c4750c-f3ba-8016-8d49-f8f616b84df9,fixtures\reading_list\18c4750c-f3ba-8016-8d49-f8f616b84df9.json,False,0,1
18c4750c-f3ba-8018-8ec7-d75dd3086231,fixtures\reading_list\18c4750c-f3ba-8018-8ec7-d75dd3086231.json,False,0,1
18c4750c-f3ba-801a-81d7-e1af648768b5,fixtures\reading_list\18c4750c-f3ba-801a-81d7-e1af648768b5.json,False,0,1
18c4750c-f3ba-8021-9fcc-d59300f8d999,fixtures\reading_list\18c4750c-f3ba-8021-9fcc-d59300f8d999.json,False,0,1
18c4750c-f3ba-8027-abbb-dab43b275901,fixtures\reading_list\18c4750c-f3ba-8027-abbb-dab43b275901.json,False,0,0
18c4750c-f3ba-8032-9a23-cdf3509f7019,fixtures\reading_list\18c4750c-f3ba-8032-9a23-cdf3509f7019.json,False,0,1
18c4750c-f3ba-8037-9662-ccfd37d9f5fe,fixtures\reading_list\18c4750c-f3ba-8037-9662-ccfd37d9f5fe.json,False,0,0
18c4750c-f3ba-803a-bfef-e5fde34bf0c3,fixtures\reading_list\18c4750c-f3ba-803a-bfef-e5fde34bf0c3.json,False,0,1
18c4750c-f3ba-8040-86c5-df2b44511b20,fixtures\reading_list\18c4750c-f3ba-8040-86c5-df2b44511b20.json,False,0,1
18c4750c-f3ba-8048-a68c-fb554951556f,fixtures\reading_list\18c4750c-f3ba-8048-a68c-fb554951556f.json,False,0,2
18c4750c-f3ba-8048-ad6b-e8da3b9172cf,fixtures\reading_list\18c4750c-f3ba-8048-ad6b-e8da3b9172cf.json,False,0,1
18c4750c-f3ba-804a-946f-c635264dddb5,fixtures\reading_list\18c4750c-f3ba-804a-946f-c635264dddb5.json,False,0,1
18c4750c-f3ba-804d-b82d-c9789da2575c,fixtures\reading_list\18c4750c-f3ba-804d-b82d-c9789da2575c.json,False,0,1
18c4750c-f3ba-804e-81ee-e45b186197f5,fixtures\reading_list\18c4750c-f3ba-804e-81ee-e45b186197f5.json,False,0,1
18c4750c-f3ba-8050-8f38-e60906ecd1ee,fixtures\reading_list\18c4750c-f3ba-8050-8f38-e60906ecd1ee.json,False,0,0
18c4750c-f3ba-8060-b86b-cd8f95c569df,fixtures\reading_list\18c4750c-f3ba-8060-b86b-cd8f95c569df.json,False,0,1
18c4750c-f3ba-8062-842c-e18fda26dfd7,fixtures\reading_list\18c4750c-f3ba-8062-842c-e18fda26dfd7.json,False,0,1
18c4750c-f3ba-8064-818e-d3f9281abcab,fixtures\reading_list\18c4750c-f3ba-8064-818e-d3f9281abcab.json,False,0,1
18c4750c-f3ba-8064-a4da-db81327e4be6,fixtures\reading_list\18c4750c-f3ba-8064-a4da-db81327e4be6.json,False,0,1
18c4750c-f3ba-8065-9023-d2b59f2a4c38,fixtures\reading_list\18c4750c-f3ba-8065-9023-d2b59f2a4c38.json,False,0,1
18c4750c-f3ba-806c-b5af-fc5a7890e8d8,fixtures\reading_list\18c4750c-f3ba-806c-b5af-fc5a7890e8d8.json,False,0,1
18c4750c-f3ba-806e-aafd-fd71985d31e0,fixtures\reading_list\18c4750c-f3ba-806e-aafd-fd71985d31e0.json,False,0,0
18c4750c-f3ba-806e-b25a-ceba832aed36,fixtures\reading_list\18c4750c-f3ba-806e-b25a-ceba832aed36.json,False,0,1
18c4750c-f3ba-8076-8b0e-db8227b15ac8,fixtures\reading_list\18c4750c-f3ba-8076-8b0e-db8227b15ac8.json,False,0,1
18c4750c-f3ba-8078-aef1-cc70d0113f2c,fixtures\reading_list\18c4750c-f3ba-8078-aef1-cc70d0113f2c.json,False,0,1
18c4750c-f3ba-807a-9d2d-c69acf618c38,fixtures\reading_list\18c4750c-f3ba-807a-9d2d-c69acf618c38.json,False,0,1
18c4750c-f3ba-8081-92c4-c26fee99d47c,fixtures\reading_list\18c4750c-f3ba-8081-92c4-c26fee99d47c.json,False,0,1
18c4750c-f3ba-8085-9404-ed3871e1e89d,fixtures\reading_list\18c4750c-f3ba-8085-9404-ed3871e1e89d.json,False,0,1
18c4750c-f3ba-8086-8901-daa7ee79b59f,fixtures\reading_list\18c4750c-f3ba-8086-8901-daa7ee79b59f.json,False,0,1
18c4750c-f3ba-8088-bbb5-e82aee13cbcd,fixtures\reading_list\18c4750c-f3ba-8088-bbb5-e82aee13cbcd.json,False,0,1
18c4750c-f3ba-8089-afda-fe542aa520e0,fixtures\reading_list\18c4750c-f3ba-8089-afda-fe542aa520e0.json,False,0,0
18c4750c-f3ba-8093-856f-efcb99126d44,fixtures\reading_list\18c4750c-f3ba-8093-856f-efcb99126d44.json,False,0,1
18c4750c-f3ba-8094-a8cc-e2bbe0dc5e67,fixtures\reading_list\18c4750c-f3ba-8094-a8cc-e2bbe0dc5e67.json,False,0,1
18c4750c-f3ba-8096-9ff6-d8dd7a507f26,fixtures\reading_list\18c4750c-f3ba-8096-9ff6-d8dd7a507f26.json,False,0,1
18c4750c-f3ba-809d-9f55-f4f4aadcf7cc,fixtures\reading_list\18c4750c-f3ba-809d-9f55-f4f4aadcf7cc.json,False,0,1
18c4750c-f3ba-809d-bbf0-e4a09a9a43b7,fixtures\reading_list\18c4750c-f3ba-809d-bbf0-e4a09a9a43b7.json,False,0,0
18c4750c-f3ba-809e-a037-cd5196ba9d19,fixtures\reading_list\18c4750c-f3ba-809e-a037-cd5196ba9d19.json,False,0,1
18c4750c-f3ba-809e-b264-cc5c5e82618a,fixtures\reading_list\18c4750c-f3ba-809e-b264-cc5c5e82618a.json,False,0,0
18c4750c-f3ba-80ac-9703-c831706583f0,fixtures\reading_list\18c4750c-f3ba-80ac-9703-c831706583f0.json,False,0,1
18c4750c-f3ba-80ac-ab67-e42b16a2ac14,fixtures\reading_list\18c4750c-f3ba-80ac-ab67-e42b16a2ac14.json,False,0,1
18c4750c-f3ba-80af-ab35-e0a6d98ebf39,fixtures\reading_list\18c4750c-f3ba-80af-ab35-e0a6d98ebf39.json,False,0,1
18c4750c-f3ba-80b2-9029-efa0c5901ab0,fixtures\reading_list\18c4750c-f3ba-80b2-9029-efa0c5901ab0.json,False,0,1
18c4750c-f3ba-80b5-9074-ce85e82a7d97,fixtures\reading_list\18c4750c-f3ba-80b5-9074-ce85e82a7d97.json,False,0,1
18c4750c-f3ba-80b7-ab02-f7d1e663534f,fixtures\reading_list\18c4750c-f3ba-80b7-ab02-f7d1e663534f.json,False,0,1
18c4750c-f3ba-80b8-9dba-f168c4835fa1,fixtures\reading_list\18c4750c-f3ba-80b8-9dba-f168c4835fa1.json,False,0,1
18c4750c-f3ba-80c0-a531-d436d3538f58,fixtures\reading_list\18c4750c-f3ba-80c0-a531-d436d3538f58.json,False,0,0
18c4750c-f3ba-80cf-9ffa-ed17065f669a,fixtures\reading_list\18c4750c-f3ba-80cf-9ffa-ed17065f669a.json,False,0,1
18c4750c-f3ba-80d9-b19c-fa43615c73bd,fixtures\reading_list\18c4750c-f3ba-80d9-b19c-fa43615c73bd.json,False,0,1
18c4750c-f3ba-80db-9dce-f1a24760a977,fixtures\reading_list\18c4750c-f3ba-80db-9dce-f1a24760a977.json,False,0,0
18c4750c-f3ba-80dc-a079-da0c4c4ce641,fixtures\reading_list\18c4750c-f3ba-80dc-a079-da0c4c4ce641.json,False,0,1
18c4750c-f3ba-80de-83bf-d970b7615174,fixtures\reading_list\18c4750c-f3ba-80de-83bf-d970b7615174.json,False,0,1
18c4750c-f3ba-80ed-ab50-ddb033db9f04,fixtures\reading_list\18c4750c-f3ba-80ed-ab50-ddb033db9f04.json,False,0,1
18c4750c-f3ba-80f2-aa8d-d6b49f2d3dac,fixtures\reading_list\18c4750c-f3ba-80f2-aa8d-d6b49f2d3dac.json,False,0,1
18c4750c-f3ba-80f2-be86-f501798aef85,fixtures\reading_list\18c4750c-f3ba-80f2-be86-f501798aef85.json,False,0,1
18c4750c-f3ba-80f5-b021-e5dd0956403c,fixtures\reading_list\18c4750c-f3ba-80f5-b021-e5dd0956403c.json,False,0,1
18d4750c-f3ba-801a-a147-d1a999f16e51,fixtures\reading_list\18d4750c-f3ba-801a-a147-d1a999f16e51.json,False,0,1
18d4750c-f3ba-801c-be4d-fd2908f8146f,fixtures\reading_list\18d4750c-f3ba-801c-be4d-fd2908f8146f.json,False,0,1
18d4750c-f3ba-805f-8ff5-e185965559b9,fixtures\reading_list\18d4750c-f3ba-805f-8ff5-e185965559b9.json,False,0,1
18d4750c-f3ba-8072-975f-f4eeefa65aaa,fixtures\reading_list\18d4750c-f3ba-8072-975f-f4eeefa65aaa.json,False,0,1
18d4750c-f3ba-8077-86e5-d9bd1c53dd84,fixtures\reading_list\18d4750c-f3ba-8077-86e5-d9bd1c53dd84.json,False,0,1
18d4750c-f3ba-808a-9b54-cf18a2b15622,fixtures\reading_list\18d4750c-f3ba-808a-9b54-cf18a2b15622.json,False,0,1
18d4750c-f3ba-808a-a0dc-d13b4b6556c4,fixtures\reading_list\18d4750c-f3ba-808a-a0dc-d13b4b6556c4.json,False,0,1
18d4750c-f3ba-808d-9f44-ec6af91e3967,fixtures\reading_list\18d4750c-f3ba-808d-9f44-ec6af91e3967.json,False,0,1
18d4750c-f3ba-809d-8d59-d39a13bc5a11,fixtures\reading_list\18d4750c-f3ba-809d-8d59-d39a13bc5a11.json,False,0,1
18d4750c-f3ba-80a0-830c-f221c0724943,fixtures\reading_list\18d4750c-f3ba-80a0-830c-f221c0724943.json,False,0,1
18d4750c-f3ba-80a8-87e4-d04709f28f0b,fixtures\reading_list\18d4750c-f3ba-80a8-87e4-d04709f28f0b.json,False,0,1
18d4750c-f3ba-80a8-a576-ea4199a7f8e6,fixtures\reading_list\18d4750c-f3ba-80a8-a576-ea4199a7f8e6.json,False,0,1
18d4750c-f3ba-80c2-b6c6-fb2359617980,fixtures\reading_list\18d4750c-f3ba-80c2-b6c6-fb2359617980.json,False,0,1
18d4750c-f3ba-80cd-8afb-c1b0ad7e9a74,fixtures\reading_list\18d4750c-f3ba-80cd-8afb-c1b0ad7e9a74.json,False,0,1
18d4750c-f3ba-80f0-83ea-d981bdf2e3f4,fixtures\reading_list\18d4750c-f3ba-80f0-83ea-d981bdf2e3f4.json,False,0,1
18d4750c-f3ba-80f6-bc45-f8df18fae07d,fixtures\reading_list\18d4750c-f3ba-80f6-bc45-f8df18fae07d.json,False,0,1
18d4750c-f3ba-80ff-903f-cfcc7d5c0adc,fixtures\reading_list\18d4750c-f3ba-80ff-903f-cfcc7d5c0adc.json,False,0,1
18e4750c-f3ba-8024-aae2-d480a0e98e3e,fixtures\reading_list\18e4750c-f3ba-8024-aae2-d480a0e98e3e.json,False,0,0
18e4750c-f3ba-8033-ab0c-c468c47c1d66,fixtures\reading_list\18e4750c-f3ba-8033-ab0c-c468c47c1d66.json,False,0,0
18e4750c-f3ba-8082-af43-ffb28d964e90,fixtures\reading_list\18e4750c-f3ba-8082-af43-ffb28d964e90.json,False,0,1
18e4750c-f3ba-808a-9c2a-c7497bba06a6,fixtures\reading_list\18e4750c-f3ba-808a-9c2a-c7497bba06a6.json,False,0,1
18f4750c-f3ba-806c-8c58-da1d2d788c8a,fixtures\reading_list\18f4750c-f3ba-806c-8c58-da1d2d788c8a.json,False,0,1
19d1b44e-3dde-40d2-8161-a0d2b14eae30,fixtures\reading_list\19d1b44e-3dde-40d2-8161-a0d2b14eae30.json,False,0,1
1bd6c6f8-2f1a-442e-8841-6c79f8811aba,fixtures\reading_list\1bd6c6f8-2f1a-442e-8841-6c79f8811aba.json,False,0,0
1d4b4f65-6b34-4d3d-a362-377939a5de69,fixtures\reading_list\1d4b4f65-6b34-4d3d-a362-377939a5de69.json,False,0,1
1d94750c-f3ba-802c-a3a8-eea1ee4eeea3,fixtures\reading_list\1d94750c-f3ba-802c-a3a8-eea1ee4eeea3.json,False,0,1
20c5e80c-6952-4f17-b0aa-bc2302cfd1fe,fixtures\reading_list\20c5e80c-6952-4f17-b0aa-bc2302cfd1fe.json,False,0,1
20da9077-6da4-49b4-8ca3-ab1ac8d3f33f,fixtures\reading_list\20da9077-6da4-49b4-8ca3-ab1ac8d3f33f.json,False,0,1
24b30e64-e269-4370-9ac7-57a1b4389219,fixtures\reading_list\24b30e64-e269-4370-9ac7-57a1b4389219.json,False,0,0
25f7dd82-2cea-4305-b8b9-6800598148aa,fixtures\reading_list\25f7dd82-2cea-4305-b8b9-6800598148aa.json,False,0,1
26377417-be27-4ca7-84c2-f4295cb6026e,fixtures\reading_list\26377417-be27-4ca7-84c2-f4295cb6026e.json,False,0,0
26beacff-08d2-45c4-925f-2ed3f3626770,fixtures\reading_list\26beacff-08d2-45c4-925f-2ed3f3626770.json,False,0,1
27532153-b90e-490a-8131-f65b28b4e582,fixtures\reading_list\27532153-b90e-490a-8131-f65b28b4e582.json,False,0,1
28a15a61-4013-4d83-b3b4-f2ecb617194a,fixtures\reading_list\28a15a61-4013-4d83-b3b4-f2ecb617194a.json,False,0,1
292bdef8-fba8-48c1-81da-623ec99dcccc,fixtures\reading_list\292bdef8-fba8-48c1-81da-623ec99dcccc.json,False,0,0
29721fe7-4dd2-4c0f-91e7-125e0e906b16,fixtures\reading_list\29721fe7-4dd2-4c0f-91e7-125e0e906b16.json,False,0,2
2b35ec63-ce55-47d8-abdb-f7204fb84381,fixtures\reading_list\2b35ec63-ce55-47d8-abdb-f7204fb84381.json,False,0,1
2ceec57c-86a8-475e-9992-eb8b2ba051a3,fixtures\reading_list\2ceec57c-86a8-475e-9992-eb8b2ba051a3.json,False,0,0
2e3c1e90-5b27-4d4b-9e85-9520f5dec4d8,fixtures\reading_list\2e3c1e90-5b27-4d4b-9e85-9520f5dec4d8.json,False,0,1
2e4f7b5d-ba1d-4164-b04b-ab687a7c1e11,fixtures\reading_list\2e4f7b5d-ba1d-4164-b04b-ab687a7c1e11.json,False,0,1
300f6021-d7f5-4f78-9b39-c5f85a02dd6a,fixtures\reading_list\300f6021-d7f5-4f78-9b39-c5f85a02dd6a.json,False,0,0
30246d7d-293e-440f-8276-a38bc952257a,fixtures\reading_list\30246d7d-293e-440f-8276-a38bc952257a.json,False,0,1
30624b56-6180-4448-bbae-c26d7e7d8d6c,fixtures\reading_list\30624b56-6180-4448-bbae-c26d7e7d8d6c.json,False,0,1
30995e29-4aac-403a-9399-9d6273238e6f,fixtures\reading_list\30995e29-4aac-403a-9399-9d6273238e6f.json,False,0,0
30a7d4da-a9a7-42d5-a4b5-c7ab1fe9fec4,fixtures\reading_list\30a7d4da-a9a7-42d5-a4b5-c7ab1fe9fec4.json,False,0,1
30acd208-9d40-4766-bf2b-8272dd565546,fixtures\reading_list\30acd208-9d40-4766-bf2b-8272dd565546.json,False,0,0
31760177-d54a-42cf-97d0-18477b2570e4,fixtures\reading_list\31760177-d54a-42cf-97d0-18477b2570e4.json,False,0,0
32389c41-c2aa-4c05-81e6-14e6a6d04afb,fixtures\reading_list\32389c41-c2aa-4c05-81e6-14e6a6d04afb.json,False,0,1
32b4315e-6da0-4106-b475-092b9a15779d,fixtures\reading_list\32b4315e-6da0-4106-b475-092b9a15779d.json,False,0,1
3364750c-f3ba-800b-8b2e-f11c50ba669a,fixtures\reading_list\3364750c-f3ba-800b-8b2e-f11c50ba669a.json,False,0,1
3364750c-f3ba-801f-93ec-ca078044d5fa,fixtures\reading_list\3364750c-f3ba-801f-93ec-ca078044d5fa.json,False,0,1
3364750c-f3ba-8069-88c7-e4185a604368,fixtures\reading_list\3364750c-f3ba-8069-88c7-e4185a604368.json,False,0,1
3364750c-f3ba-8069-b79d-c6b284f1e3e3,fixtures\reading_list\3364750c-f3ba-8069-b79d-c6b284f1e3e3.json,False,0,2
3364750c-f3ba-8084-9d73-eff7384610c4,fixtures\reading_list\3364750c-f3ba-8084-9d73-eff7384610c4.json,False,0,1
3364750c-f3ba-80a1-abd0-ccf2a76fcba3,fixtures\reading_list\3364750c-f3ba-80a1-abd0-ccf2a76fcba3.json,False,0,2
3364750c-f3ba-80cd-81fe-f85a95c60b1d,fixtures\reading_list\3364750c-f3ba-80cd-81fe-f85a95c60b1d.json,False,0,2
3364750c-f3ba-80d7-b7b6-cebae2bc153e,fixtures\reading_list\3364750c-f3ba-80d7-b7b6-cebae2bc153e.json,False,0,1
3364750c-f3ba-80d9-bfe7-fec051b13d19,fixtures\reading_list\3364750c-f3ba-80d9-bfe7-fec051b13d19.json,False,0,1
3364750c-f3ba-80e1-80c5-c4fd04704e55,fixtures\reading_list\3364750c-f3ba-80e1-80c5-c4fd04704e55.json,False,0,1
33b39b4f-6ebe-4803-8d8f-ac8a5578cc79,fixtures\reading_list\33b39b4f-6ebe-4803-8d8f-ac8a5578cc79.json,False,0,1
34a194da-1571-477b-8ee1-448d8e7f00ab,fixtures\reading_list\34a194da-1571-477b-8ee1-448d8e7f00ab.json,False,0,1
352413f6-104f-431c-833b-d460084b56d5,fixtures\reading_list\352413f6-104f-431c-833b-d460084b56d5.json,False,0,1
35997162-9f4a-420a-accb-4d70901b2b2c,fixtures\reading_list\35997162-9f4a-420a-accb-4d70901b2b2c.json,False,0,1
36a45f1e-fa7d-4063-94f3-01b9a09809ec,fixtures\reading_list\36a45f1e-fa7d-4063-94f3-01b9a09809ec.json,False,0,0
36a4d513-0524-49db-acaa-e337f29073e7,fixtures\reading_list\36a4d513-0524-49db-acaa-e337f29073e7.json,False,0,1
36ea3b09-b94e-4f7a-9111-88e5f537a16a,fixtures\reading_list\36ea3b09-b94e-4f7a-9111-88e5f537a16a.json,False,0,1
36f02f9c-c3ae-4f7f-adf5-37b09f6a9d97,fixtures\reading_list\36f02f9c-c3ae-4f7f-adf5-37b09f6a9d97.json,False,0,1
37503706-dad0-47ad-b26f-09d456a51905,fixtures\reading_list\37503706-dad0-47ad-b26f-09d456a51905.json,False,0,1
37b229d8-c095-4a36-8188-c7624c5f495d,fixtures\reading_list\37b229d8-c095-4a36-8188-c7624c5f495d.json,False,0,1
37e165b9-900c-4986-acc7-2b8ba2298261,fixtures\reading_list\37e165b9-900c-4986-acc7-2b8ba2298261.json,False,0,1
389d62ab-5d33-4e8c-a4d6-08235c0a2e4b,fixtures\reading_list\389d62ab-5d33-4e8c-a4d6-08235c0a2e4b.json,False,0,1
39261164-b1ed-42c9-be76-26ef190a5325,fixtures\reading_list\39261164-b1ed-42c9-be76-26ef190a5325.json,False,0,0
392864c0-b363-4e06-84d6-8f1df0182036,fixtures\reading_list\392864c0-b363-4e06-84d6-8f1df0182036.json,False,0,1
3941e369-8669-4640-96cd-747d4116ddba,fixtures\reading_list\3941e369-8669-4640-96cd-747d4116ddba.json,False,0,1
39faab77-c405-41a8-b041-bd70c231bd85,fixtures\reading_list\39faab77-c405-41a8-b041-bd70c231bd85.json,False,0,0
3a260f8b-c288-4b2d-ac63-9cfd1fa7686d,fixtures\reading_list\3a260f8b-c288-4b2d-ac63-9cfd1fa7686d.json,False,0,0
3b7931ba-2f54-4b30-8f69-9e76255de1b0,fixtures\reading_list\3b7931ba-2f54-4b30-8f69-9e76255de1b0.json,False,0,1
3bbead22-c501-4408-9531-39a1f0a9342d,fixtures\reading_list\3bbead22-c501-4408-9531-39a1f0a9342d.json,False,0,1
3e1bfdb2-5b3c-483e-a118-517004747aec,fixtures\reading_list\3e1bfdb2-5b3c-483e-a118-517004747aec.json,False,0,0
3edf8aec-a9ef-499c-888c-ef00c42296dc,fixtures\reading_list\3edf8aec-a9ef-499c-888c-ef00c42296dc.json,False,0,1
3f33f9ca-9ea4-4626-8ce9-02812a806533,fixtures\reading_list\3f33f9ca-9ea4-4626-8ce9-02812a806533.json,False,0,1
3f51854c-9789-406f-b81b-47220fd2049e,fixtures\reading_list\3f51854c-9789-406f-b81b-47220fd2049e.json,False,0,1
40280f09-8dbc-4de0-997f-53d1c96affc2,fixtures\reading_list\40280f09-8dbc-4de0-997f-53d1c96affc2.json,False,0,0
40426474-2606-4182-a1dd-bfc88f2bb2d9,fixtures\reading_list\40426474-2606-4182-a1dd-bfc88f2bb2d9.json,False,0,0
41cac383-c69c-43e0-b44c-6c519b67b9cc,fixtures\reading_list\41cac383-c69c-43e0-b44c-6c519b67b9cc.json,False,0,1
42ad0b30-debb-4504-bffa-b7c7db7f2759,fixtures\reading_list\42ad0b30-debb-4504-bffa-b7c7db7f2759.json,False,0,1
4345bada-a8cc-401f-809c-2902bf039b3f,fixtures\reading_list\4345bada-a8cc-401f-809c-2902bf039b3f.json,False,0,1
43673abc-027c-4b7d-adff-cd2fc05297fb,fixtures\reading_list\43673abc-027c-4b7d-adff-cd2fc05297fb.json,False,0,0
44328144-1526-4ac2-9ee0-cb60a93a8008,fixtures\reading_list\44328144-1526-4ac2-9ee0-cb60a93a8008.json,False,0,0
446f61d6-cb58-4248-a265-60f4576b04c5,fixtures\reading_list\446f61d6-cb58-4248-a265-60f4576b04c5.json,False,0,0
44babb05-7b60-47e1-a7d6-cbc8ddd0f71a,fixtures\reading_list\44babb05-7b60-47e1-a7d6-cbc8ddd0f71a.json,False,0,1
44c3151a-28c2-4525-be85-dbd32263a4ac,fixtures\reading_list\44c3151a-28c2-4525-be85-dbd32263a4ac.json,False,0,0
45e74f25-a582-44e8-bc22-b65d30e14cdb,fixtures\reading_list\45e74f25-a582-44e8-bc22-b65d30e14cdb.json,False,0,1
465d759b-b72b-464f-ac6a-5ca997d7d02b,fixtures\reading_list\465d759b-b72b-464f-ac6a-5ca997d7d02b.json,False,0,1
46df7d32-6e7d-424c-a8fb-e7a727f30020,fixtures\reading_list\46df7d32-6e7d-424c-a8fb-e7a727f30020.json,False,0,1
47288612-634c-4533-b120-19284bdb59df,fixtures\reading_list\47288612-634c-4533-b120-19284bdb59df.json,False,0,1
48358819-9a53-46ae-89f4-a674dee4f608,fixtures\reading_list\48358819-9a53-46ae-89f4-a674dee4f608.json,False,0,1
487dd38f-3fc1-4172-b038-7096cd8eee5e,fixtures\reading_list\487dd38f-3fc1-4172-b038-7096cd8eee5e.json,False,0,1
4932f78c-6d96-415c-9ae5-f266f9260071,fixtures\reading_list\4932f78c-6d96-415c-9ae5-f266f9260071.json,False,0,0
4a29cad6-c80e-46c7-b334-27f7db5025b2,fixtures\reading_list\4a29cad6-c80e-46c7-b334-27f7db5025b2.json,False,0,1
4baeb41f-fef0-4b73-b399-e59633f82524,fixtures\reading_list\4baeb41f-fef0-4b73-b399-e59633f82524.json,False,0,2
4c7a76b4-54c3-4418-9354-95b7c34fbae8,fixtures\reading_list\4c7a76b4-54c3-4418-9354-95b7c34fbae8.json,False,0,1
4d526a4b-4c5a-49d2-bc9d-7faf5143f3a6,fixtures\reading_list\4d526a4b-4c5a-49d2-bc9d-7faf5143f3a6.json,False,0,0
4e2cce9e-91ad-4769-a8f5-3565c8377b35,fixtures\reading_list\4e2cce9e-91ad-4769-a8f5-3565c8377b35.json,False,0,1
4e9003d2-3e54-42d4-a44d-bf8f7628bdde,fixtures\reading_list\4e9003d2-3e54-42d4-a44d-bf8f7628bdde.json,False,0,1
4ee13ed4-1a65-42a5-97a5-699a9b8cb7d5,fixtures\reading_list\4ee13ed4-1a65-42a5-97a5-699a9b8cb7d5.json,False,0,1
4f419199-3706-4650-a624-624bc63ca0c2,fixtures\reading_list\4f419199-3706-4650-a624-624bc63ca0c2.json,False,0,1
50afe4bc-8c05-462e-b25d-8369cdb1d69d,fixtures\reading_list\50afe4bc-8c05-462e-b25d-8369cdb1d69d.json,False,0,1
51157f2f-e088-43f8-a575-d3ad0a400b26,fixtures\reading_list\51157f2f-e088-43f8-a575-d3ad0a400b26.json,False,0,1
51c20a04-05a8-44d9-8373-c17048b067d9,fixtures\reading_list\51c20a04-05a8-44d9-8373-c17048b067d9.json,False,0,1
533e5390-4458-4575-95f6-5d8eb5621a56,fixtures\reading_list\533e5390-4458-4575-95f6-5d8eb5621a56.json,False,0,1
54b8c970-0d34-4a6b-81f0-c8a3cbf8e5b9,fixtures\reading_list\54b8c970-0d34-4a6b-81f0-c8a3cbf8e5b9.json,False,0,0
54c8d760-5451-41b7-9212-e5373a64c608,fixtures\reading_list\54c8d760-5451-41b7-9212-e5373a64c608.json,False,0,0
55c97428-7443-4e57-b47d-5167df2c10c8,fixtures\reading_list\55c97428-7443-4e57-b47d-5167df2c10c8.json,False,0,0
56537ca3-6c30-43e3-9456-5cdd41d2547c,fixtures\reading_list\56537ca3-6c30-43e3-9456-5cdd41d2547c.json,False,0,0
57933ebe-dffa-4bdd-bd00-54a7a8bbe491,fixtures\reading_list\57933ebe-dffa-4bdd-bd00-54a7a8bbe491.json,False,0,1
57942fdd-c7bc-4f62-b88d-dabf6b3b55bd,fixtures\reading_list\57942fdd-c7bc-4f62-b88d-dabf6b3b55bd.json,False,0,2
5879579d-3795-42d7-885b-acaa80c0053a,fixtures\reading_list\5879579d-3795-42d7-885b-acaa80c0053a.json,False,0,1
5982944a-8be5-4f63-8867-addb593af07a,fixtures\reading_list\5982944a-8be5-4f63-8867-addb593af07a.json,False,0,1
59bdd304-77f5-4d11-bb6d-94359984d0bb,fixtures\reading_list\59bdd304-77f5-4d11-bb6d-94359984d0bb.json,False,0,1
5b06e31e-e0ae-46a9-af1d-02298e0f63e7,fixtures\reading_list\5b06e31e-e0ae-46a9-af1d-02298e0f63e7.json,False,0,1
5c914e51-ff08-437f-8c87-d8db55be4070,fixtures\reading_list\5c914e51-ff08-437f-8c87-d8db55be4070.json,False,0,1
5d39a538-e12d-4e06-9dd0-73a038e8330c,fixtures\reading_list\5d39a538-e12d-4e06-9dd0-73a038e8330c.json,False,0,0
5e0bdf0b-0a36-41b3-b2b7-d6830c8ed90b,fixtures\reading_list\5e0bdf0b-0a36-41b3-b2b7-d6830c8ed90b.json,False,0,1
60b0e234-4aeb-4d57-a2a1-432e20579bac,fixtures\reading_list\60b0e234-4aeb-4d57-a2a1-432e20579bac.json,False,0,0
615b9d1a-ffa3-4ba9-9904-3c8e1cc3936f,fixtures\reading_list\615b9d1a-ffa3-4ba9-9904-3c8e1cc3936f.json,False,0,1
61e06a72-fe56-4fd2-8ad2-e4e0cc6e5ad6,fixtures\reading_list\61e06a72-fe56-4fd2-8ad2-e4e0cc6e5ad6.json,False,0,1
62936eb4-23ef-4640-b347-3d3d2b30bed1,fixtures\reading_list\62936eb4-23ef-4640-b347-3d3d2b30bed1.json,False,0,1
62e2319d-37ed-4ea9-bbcb-17a0b24006cf,fixtures\reading_list\62e2319d-37ed-4ea9-bbcb-17a0b24006cf.json,False,0,1
632c312d-b08c-4809-b266-8b02cfb89b33,fixtures\reading_list\632c312d-b08c-4809-b266-8b02cfb89b33.json,False,0,1
6382cd53-5512-48c6-9916-d0f534737368,fixtures\reading_list\6382cd53-5512-48c6-9916-d0f534737368.json,False,0,1
638f8832-909a-4e86-9208-79491b75082d,fixtures\reading_list\638f8832-909a-4e86-9208-79491b75082d.json,False,0,1
645771b9-299e-43f5-a286-ccc43392b995,fixtures\reading_list\645771b9-299e-43f5-a286-ccc43392b995.json,False,0,1
653deb87-ee86-4252-82b4-4e8efc174915,fixtures\reading_list\653deb87-ee86-4252-82b4-4e8efc174915.json,False,0,1
662255d3-9dd6-4ba3-a40c-17466b6e33f3,fixtures\reading_list\662255d3-9dd6-4ba3-a40c-17466b6e33f3.json,False,0,2
6823b256-e07a-4430-b2f1-7e4230d15c73,fixtures\reading_list\6823b256-e07a-4430-b2f1-7e4230d15c73.json,False,0,0
68e843ee-ef18-4592-a389-4a318e4fd94a,fixtures\reading_list\68e843ee-ef18-4592-a389-4a318e4fd94a.json,False,0,0
69b764fa-2298-4a76-bca1-5b0d08b7107e,fixtures\reading_list\69b764fa-2298-4a76-bca1-5b0d08b7107e.json,False,0,1
6a683d55-58fa-45c4-bf37-6758b22969e4,fixtures\reading_list\6a683d55-58fa-45c4-bf37-6758b22969e4.json,False,0,1
6c0fcfdc-5dec-444c-9c7e-a02f87441bd5,fixtures\reading_list\6c0fcfdc-5dec-444c-9c7e-a02f87441bd5.json,False,0,1
6c5c4ff1-f860-4106-af40-7e42703132c4,fixtures\reading_list\6c5c4ff1-f860-4106-af40-7e42703132c4.json,False,0,1
6c6f33ba-1ca2-480c-98a8-53a3623eed73,fixtures\reading_list\6c6f33ba-1ca2-480c-98a8-53a3623eed73.json,False,0,0
6cc246f0-b974-421e-94d8-74e563d323f1,fixtures\reading_list\6cc246f0-b974-421e-94d8-74e563d323f1.json,False,0,1
6cdb28d0-ecf4-47c3-885f-df892653cc0c,fixtures\reading_list\6cdb28d0-ecf4-47c3-885f-df892653cc0c.json,False,0,0
6dbc6e34-adc9-4ca9-890c-fd541799a461,fixtures\reading_list\6dbc6e34-adc9-4ca9-890c-fd541799a461.json,False,0,1
6e24a628-cecf-44d7-87a6-7a24c6616397,fixtures\reading_list\6e24a628-cecf-44d7-87a6-7a24c6616397.json,False,0,1
6ed31a11-414c-478f-986c-61ab26a110c0,fixtures\reading_list\6ed31a11-414c-478f-986c-61ab26a110c0.json,False,0,1
6fd72341-9449-4f29-8045-fe430e9703ae,fixtures\reading_list\6fd72341-9449-4f29-8045-fe430e9703ae.json,False,0,1
712b7efc-b17b-411f-8afd-55ca08860f31,fixtures\reading_list\712b7efc-b17b-411f-8afd-55ca08860f31.json,False,0,0
71d087a9-6a00-461a-a99e-8fad71104753,fixtures\reading_list\71d087a9-6a00-461a-a99e-8fad71104753.json,False,0,0
723094bd-ef85-4954-931c-e9e772f31311,fixtures\reading_list\723094bd-ef85-4954-931c-e9e772f31311.json,False,0,1
7277f50a-4176-4dc4-a86b-3f8aa33d11f3,fixtures\reading_list\7277f50a-4176-4dc4-a86b-3f8aa33d11f3.json,False,0,1
72d6bb16-0a44-42f1-853d-b7930dc28bfb,fixtures\reading_list\72d6bb16-0a44-42f1-853d-b7930dc28bfb.json,False,0,0
733c47cf-06d8-4c42-a69e-307851501b00,fixtures\reading_list\733c47cf-06d8-4c42-a69e-307851501b00.json,False,0,1
756c4ee6-edde-4892-9c91-9303c10302a2,fixtures\reading_list\756c4ee6-edde-4892-9c91-9303c10302a2.json,False,0,1
7588b86a-d884-48c3-8820-1ecfafd1d373,fixtures\reading_list\7588b86a-d884-48c3-8820-1ecfafd1d373.json,False,0,0
771af673-53e6-44b2-b4aa-e1610455bb9b,fixtures\reading_list\771af673-53e6-44b2-b4aa-e1610455bb9b.json,False,0,1
77508d56-4dca-4dfa-9b83-8439115e1b59,fixtures\reading_list\77508d56-4dca-4dfa-9b83-8439115e1b59.json,False,0,1
7883778b-8859-4f78-9348-6e9891650021,fixtures\reading_list\7883778b-8859-4f78-9348-6e9891650021.json,False,0,1
78e33dc4-9682-43f6-839d-2776566e0f15,fixtures\reading_list\78e33dc4-9682-43f6-839d-2776566e0f15.json,False,0,1
793984b0-bfba-4001-98c8-4eef179562a3,fixtures\reading_list\793984b0-bfba-4001-98c8-4eef179562a3.json,False,0,1
798532fb-1ca9-4848-a8a6-af1f66519739,fixtures\reading_list\798532fb-1ca9-4848-a8a6-af1f66519739.json,False,0,0
7a13668b-250c-4bcd-a50f-c46c73f1a40c,fixtures\reading_list\7a13668b-250c-4bcd-a50f-c46c73f1a40c.json,False,0,1
7cb063a8-5a0b-48c5-b122-efeecdc25b22,fixtures\reading_list\7cb063a8-5a0b-48c5-b122-efeecdc25b22.json,False,0,1
7d9211dc-674a-428c-a9e2-ca490e660f86,fixtures\reading_list\7d9211dc-674a-428c-a9e2-ca490e660f86.json,False,0,1
7eb96e8f-d314-4220-9bf9-4c34e1fb1818,fixtures\reading_list\7eb96e8f-d314-4220-9bf9-4c34e1fb1818.json,False,0,1
7ece6c4b-5660-4875-b603-d1881bcce46a,fixtures\reading_list\7ece6c4b-5660-4875-b603-d1881bcce46a.json,False,0,1
7ed6fa0e-6c96-4731-961b-2b8699b6c4c4,fixtures\reading_list\7ed6fa0e-6c96-4731-961b-2b8699b6c4c4.json,False,0,0
7fb76f9c-507d-48b9-b376-6a2c3d0f2f0e,fixtures\reading_list\7fb76f9c-507d-48b9-b376-6a2c3d0f2f0e.json,False,0,0
7fbfc7cd-66c0-4431-a799-e5f2aab7e4a2,fixtures\reading_list\7fbfc7cd-66c0-4431-a799-e5f2aab7e4a2.json,False,0,0
82cc46ba-b54e-4221-9a73-a3b446e51e13,fixtures\reading_list\82cc46ba-b54e-4221-9a73-a3b446e51e13.json,False,0,1
83242ebd-f552-4708-967f-42d88411cd7f,fixtures\reading_list\83242ebd-f552-4708-967f-42d88411cd7f.json,False,0,1
842eb923-1e04-4e3b-820b-74886a0e24c8,fixtures\reading_list\842eb923-1e04-4e3b-820b-74886a0e24c8.json,False,0,1
84931b98-d822-4cf9-9bda-1e6773c8bcc6,fixtures\reading_list\84931b98-d822-4cf9-9bda-1e6773c8bcc6.json,False,0,1
85bf2622-3a8d-4f2f-b8a7-8424025c9add,fixtures\reading_list\85bf2622-3a8d-4f2f-b8a7-8424025c9add.json,False,0,1
8601f221-778a-4611-a7a4-c9723f96a640,fixtures\reading_list\8601f221-778a-4611-a7a4-c9723f96a640.json,False,0,1
86bae2aa-3a84-4431-9e4d-78ca7b6f8c2c,fixtures\reading_list\86bae2aa-3a84-4431-9e4d-78ca7b6f8c2c.json,False,0,0
87247106-6f59-410e-85fc-33830f5b24df,fixtures\reading_list\87247106-6f59-410e-85fc-33830f5b24df.json,False,0,0
878710f5-84e1-460b-9f08-1256482a7f5a,fixtures\reading_list\878710f5-84e1-460b-9f08-1256482a7f5a.json,False,0,2
878bdfe3-953d-4dbf-a65e-7d2ddc46f071,fixtures\reading_list\878bdfe3-953d-4dbf-a65e-7d2ddc46f071.json,False,0,2
88c914bd-0f71-409e-8ec4-5ede58830c02,fixtures\reading_list\88c914bd-0f71-409e-8ec4-5ede58830c02.json,False,0,1
8ba496cf-4862-48d7-8fe3-cf777ece80e3,fixtures\reading_list\8ba496cf-4862-48d7-8fe3-cf777ece80e3.json,False,0,0
8bb19460-9503-4d02-9b6e-9403ce55e744,fixtures\reading_list\8bb19460-9503-4d02-9b6e-9403ce55e744.json,False,0,1
8bb53b06-6318-4286-b722-2dd1f69c0984,fixtures\reading_list\8bb53b06-6318-4286-b722-2dd1f69c0984.json,False,0,1
8c84ae5d-a567-484f-9640-9ef94ebc1e46,fixtures\reading_list\8c84ae5d-a567-484f-9640-9ef94ebc1e46.json,False,0,1
8f7d969d-291b-464a-88a3-184f8fdcf53d,fixtures\reading_list\8f7d969d-291b-464a-88a3-184f8fdcf53d.json,False,0,1
901360c0-4fc1-441b-8bb7-ec31d6aa61e5,fixtures\reading_list\901360c0-4fc1-441b-8bb7-ec31d6aa61e5.json,False,0,1
91c51bec-fe5f-4dfd-a61d-cdb8a204881e,fixtures\reading_list\91c51bec-fe5f-4dfd-a61d-cdb8a204881e.json,False,0,1
93e01fb6-b30b-47f1-af4f-ee2aab8ce232,fixtures\reading_list\93e01fb6-b30b-47f1-af4f-ee2aab8ce232.json,False,0,0
943a4cb5-e384-4754-941a-34aa240224ef,fixtures\reading_list\943a4cb5-e384-4754-941a-34aa240224ef.json,False,0,1
94ef00da-c1d6-40c3-9166-90bba67ff185,fixtures\reading_list\94ef00da-c1d6-40c3-9166-90bba67ff185.json,False,0,0
9554078b-1ff4-493a-8fa6-4e911bd698cb,fixtures\reading_list\9554078b-1ff4-493a-8fa6-4e911bd698cb.json,False,0,0
95674a38-87da-4956-a064-3de61dcb1b01,fixtures\reading_list\95674a38-87da-4956-a064-3de61dcb1b01.json,False,0,0
95abce5c-07c4-49da-a4f4-39fb563a5039,fixtures\reading_list\95abce5c-07c4-49da-a4f4-39fb563a5039.json,False,0,1
963a6a27-cf56-4dac-8628-ba2b99d6a6ce,fixtures\reading_list\963a6a27-cf56-4dac-8628-ba2b99d6a6ce.json,False,0,1
9703d82c-7622-40ee-b81f-c71f9474dc35,fixtures\reading_list\9703d82c-7622-40ee-b81f-c71f9474dc35.json,False,0,1
978aa051-d6ca-470f-8979-e710d518d1a9,fixtures\reading_list\978aa051-d6ca-470f-8979-e710d518d1a9.json,False,0,0
989e892b-9f13-4fce-82e0-cd022df176b3,fixtures\reading_list\989e892b-9f13-4fce-82e0-cd022df176b3.json,False,0,1
9905a7c4-a3e8-4801-90fe-01a8a00ec3ae,fixtures\reading_list\9905a7c4-a3e8-4801-90fe-01a8a00ec3ae.json,False,0,1
99601ef7-2f18-4396-b864-88fda9d63542,fixtures\reading_list\99601ef7-2f18-4396-b864-88fda9d63542.json,False,0,0
999f42fe-ff92-4f62-8f87-1ffdd7edde8b,fixtures\reading_list\999f42fe-ff92-4f62-8f87-1ffdd7edde8b.json,False,0,0
9a2292d4-f8f3-42c3-a3f7-0ab6cc6e339e,fixtures\reading_list\9a2292d4-f8f3-42c3-a3f7-0ab6cc6e339e.json,False,0,1
9a3271c0-2023-4e96-a26c-a125db59f195,fixtures\reading_list\9a3271c0-2023-4e96-a26c-a125db59f195.json,False,0,1
9ad6d18a-0f55-4912-9f5e-4608f2be041b,fixtures\reading_list\9ad6d18a-0f55-4912-9f5e-4608f2be041b.json,False,0,1
9b66d444-1493-429b-9cfc-ee50a941452e,fixtures\reading_list\9b66d444-1493-429b-9cfc-ee50a941452e.json,False,0,1
9bbbd137-e7f7-40f3-9cf5-658e3dfdbdc8,fixtures\reading_list\9bbbd137-e7f7-40f3-9cf5-658e3dfdbdc8.json,False,0,1
9c0834a1-17ed-413f-ba8b-b0ed76e7901f,fixtures\reading_list\9c0834a1-17ed-413f-ba8b-b0ed76e7901f.json,False,0,1
9ce53305-2dee-416d-b988-81884c3698c2,fixtures\reading_list\9ce53305-2dee-416d-b988-81884c3698c2.json,False,0,1
9d6a4bda-e4b3-4064-83ef-6c99446ed7cb,fixtures\reading_list\9d6a4bda-e4b3-4064-83ef-6c99446ed7cb.json,False,0,1
9f4a59b5-3eda-4e2b-804a-cc3e215c82d7,fixtures\reading_list\9f4a59b5-3eda-4e2b-804a-cc3e215c82d7.json,False,0,1
9fd7307b-8f39-4711-a087-7eee3f92e070,fixtures\reading_list\9fd7307b-8f39-4711-a087-7eee3f92e070.json,False,0,1
a0ca4143-65ec-4fb6-a938-db127dff79b2,fixtures\reading_list\a0ca4143-65ec-4fb6-a938-db127dff79b2.json,False,0,1
a17956a1-dd8a-4971-8bc9-973805e5b64d,fixtures\reading_list\a17956a1-dd8a-4971-8bc9-973805e5b64d.json,False,0,1
a2b4d599-5f66-473a-842c-6daf51ce791f,fixtures\reading_list\a2b4d599-5f66-473a-842c-6daf51ce791f.json,False,0,1
a30b68b7-e1d0-4de6-b35e-672b80e7d6fc,fixtures\reading_list\a30b68b7-e1d0-4de6-b35e-672b80e7d6fc.json,False,0,0
a319b700-41e1-4565-b1d5-87603cd8ec6c,fixtures\reading_list\a319b700-41e1-4565-b1d5-87603cd8ec6c.json,False,0,1
a4bf88de-e106-444d-98bc-7bef1d076ed8,fixtures\reading_list\a4bf88de-e106-444d-98bc-7bef1d076ed8.json,False,0,0
a522f6f0-8390-48cf-a94f-d4ce65f335ae,fixtures\reading_list\a522f6f0-8390-48cf-a94f-d4ce65f335ae.json,False,0,1
a524e783-dd81-403a-9691-6af062bb0277,fixtures\reading_list\a524e783-dd81-403a-9691-6af062bb0277.json,False,0,0
a5a502ee-9862-41a5-9004-f9bbe195776b,fixtures\reading_list\a5a502ee-9862-41a5-9004-f9bbe195776b.json,False,0,1
a7796bc3-9aad-4280-b3b8-94b629728f7a,fixtures\reading_list\a7796bc3-9aad-4280-b3b8-94b629728f7a.json,False,0,1
a8ef0305-b46e-407d-81c9-b9b26c329a07,fixtures\reading_list\a8ef0305-b46e-407d-81c9-b9b26c329a07.json,False,0,1
ab6054fe-6152-4d79-b770-b678b9c4193c,fixtures\reading_list\ab6054fe-6152-4d79-b770-b678b9c4193c.json,False,0,0
ac08a0f1-be80-4971-b552-fd522921fa4f,fixtures\reading_list\ac08a0f1-be80-4971-b552-fd522921fa4f.json,False,0,1
ac3f56d6-0c3f-4901-9d74-4d674e396e93,fixtures\reading_list\ac3f56d6-0c3f-4901-9d74-4d674e396e93.json,False,0,0
acc99794-cf47-4cb2-a1fd-4db79129fae1,fixtures\reading_list\acc99794-cf47-4cb2-a1fd-4db79129fae1.json,False,0,1
ad5a647e-1f35-41b6-ad35-60ce5377e07e,fixtures\reading_list\ad5a647e-1f35-41b6-ad35-60ce5377e07e.json,False,0,1
adeb2555-28a0-4332-902b-6ed8bd75e7ea,fixtures\reading_list\adeb2555-28a0-4332-902b-6ed8bd75e7ea.json,False,0,1
aefc7625-390f-443d-afeb-8549e311f8ed,fixtures\reading_list\aefc7625-390f-443d-afeb-8549e311f8ed.json,False,0,1
af972294-4adf-4976-9938-6a16351a1362,fixtures\reading_list\af972294-4adf-4976-9938-6a16351a1362.json,False,0,1
b126b38f-dca6-4c9f-b5fa-bea12f98ee66,fixtures\reading_list\b126b38f-dca6-4c9f-b5fa-bea12f98ee66.json,False,0,1
b1429cd5-75c5-4854-a368-a0d01a6f7cac,fixtures\reading_list\b1429cd5-75c5-4854-a368-a0d01a6f7cac.json,False,0,1
b153b642-0918-4d41-b838-8400b8239790,fixtures\reading_list\b153b642-0918-4d41-b838-8400b8239790.json,False,0,0
b165ce63-5718-47af-b1c7-561347079f43,fixtures\reading_list\b165ce63-5718-47af-b1c7-561347079f43.json,False,0,1
b20ccc87-6bed-42ab-8be5-68911a01136c,fixtures\reading_list\b20ccc87-6bed-42ab-8be5-68911a01136c.json,False,0,0
b2351f4d-411b-4a98-87fe-0341728731e1,fixtures\reading_list\b2351f4d-411b-4a98-87fe-0341728731e1.json,False,0,0
b754f576-1ec5-46b9-ba21-b34febde24ec,fixtures\reading_list\b754f576-1ec5-46b9-ba21-b34febde24ec.json,False,0,1
b7936716-a4c1-41bd-9809-25f8aabfe2e9,fixtures\reading_list\b7936716-a4c1-41bd-9809-25f8aabfe2e9.json,False,0,1
b7e87434-7ee4-40dc-b15c-4791bf928605,fixtures\reading_list\b7e87434-7ee4-40dc-b15c-4791bf928605.json,False,0,1
b8980cd6-4334-49c2-9bc7-ed045cb2c055,fixtures\reading_list\b8980cd6-4334-49c2-9bc7-ed045cb2c055.json,False,0,1
b9c01995-f6ac-4543-9826-9064ef594523,fixtures\reading_list\b9c01995-f6ac-4543-9826-9064ef594523.json,False,0,0
bab33bca-90c0-43ee-8534-07cc8c5f6734,fixtures\reading_list\bab33bca-90c0-43ee-8534-07cc8c5f6734.json,False,0,0
bac7411a-88be-49a9-81d5-fc7edee7400e,fixtures\reading_list\bac7411a-88be-49a9-81d5-fc7edee7400e.json,False,0,1
bb296ee7-298c-4a7a-9968-5c9a739f08e0,fixtures\reading_list\bb296ee7-298c-4a7a-9968-5c9a739f08e0.json,False,0,0
bb7cb1b2-e984-4461-aadd-7ec37531a371,fixtures\reading_list\bb7cb1b2-e984-4461-aadd-7ec37531a371.json,False,0,1
bbba9f6b-63f0-41c3-b4e4-31c658566293,fixtures\reading_list\bbba9f6b-63f0-41c3-b4e4-31c658566293.json,False,0,2
bdc0550e-5327-4214-87bf-a37359f5edf6,fixtures\reading_list\bdc0550e-5327-4214-87bf-a37359f5edf6.json,False,0,0
be4d3c70-1050-4885-a66f-027c046353c1,fixtures\reading_list\be4d3c70-1050-4885-a66f-027c046353c1.json,False,0,0
bfbf3589-c695-4e57-bb0b-50ffb5dfe6ea,fixtures\reading_list\bfbf3589-c695-4e57-bb0b-50ffb5dfe6ea.json,False,0,2
c057bd1d-94ba-455e-88f6-42e13d423a3c,fixtures\reading_list\c057bd1d-94ba-455e-88f6-42e13d423a3c.json,False,0,1
c0721808-6896-481c-85c3-e436c5baeb92,fixtures\reading_list\c0721808-6896-481c-85c3-e436c5baeb92.json,False,0,0
c1065dd1-6f9b-4c60-ab59-d6ada7ca4e54,fixtures\reading_list\c1065dd1-6f9b-4c60-ab59-d6ada7ca4e54.json,False,0,2
c156d6a8-f049-4f64-b2a0-3e8e424e3bf5,fixtures\reading_list\c156d6a8-f049-4f64-b2a0-3e8e424e3bf5.json,False,0,1
c2405574-cae2-4abe-9e33-27f2a0032d06,fixtures\reading_list\c2405574-cae2-4abe-9e33-27f2a0032d06.json,False,0,0
c2491fd9-b8a9-4f30-bdf0-95ff68da92d1,fixtures\reading_list\c2491fd9-b8a9-4f30-bdf0-95ff68da92d1.json,False,0,1
c289b094-4a0e-4d71-9c4e-0c5428097a1d,fixtures\reading_list\c289b094-4a0e-4d71-9c4e-0c5428097a1d.json,False,0,1
c2da0ff1-6d00-4592-b458-d15b0660704f,fixtures\reading_list\c2da0ff1-6d00-4592-b458-d15b0660704f.json,False,0,0
c3f66e41-7c64-432e-8150-3163a5b17b3b,fixtures\reading_list\c3f66e41-7c64-432e-8150-3163a5b17b3b.json,False,0,0
c46e9260-6419-45c7-9fd5-48b6b933d354,fixtures\reading_list\c46e9260-6419-45c7-9fd5-48b6b933d354.json,False,0,1
c4bf8af8-477e-4e1c-bf0c-7351a31e6ace,fixtures\reading_list\c4bf8af8-477e-4e1c-bf0c-7351a31e6ace.json,False,0,1
c51020fc-393e-43d5-9b99-b6fa1346be09,fixtures\reading_list\c51020fc-393e-43d5-9b99-b6fa1346be09.json,False,0,1
c597adf5-4ea1-4638-9035-32910b852cbe,fixtures\reading_list\c597adf5-4ea1-4638-9035-32910b852cbe.json,False,0,1
c5ed9ad7-87b2-485e-862e-877a92779f8f,fixtures\reading_list\c5ed9ad7-87b2-485e-862e-877a92779f8f.json,False,0,1
c78acb0e-3d17-413d-9c01-3c4f95b0a5a2,fixtures\reading_list\c78acb0e-3d17-413d-9c01-3c4f95b0a5a2.json,False,0,0
c8d0e5fe-ac63-47fc-9486-867e4d5803bb,fixtures\reading_list\c8d0e5fe-ac63-47fc-9486-867e4d5803bb.json,False,0,0
c96967b3-90ed-4467-ae24-a0a38a476d06,fixtures\reading_list\c96967b3-90ed-4467-ae24-a0a38a476d06.json,False,0,0
ca9d43bc-e0ae-4094-8fa2-9a5ea9e28957,fixtures\reading_list\ca9d43bc-e0ae-4094-8fa2-9a5ea9e28957.json,False,0,2
caf06b29-9fe4-4e98-b1ab-83d613b41d1e,fixtures\reading_list\caf06b29-9fe4-4e98-b1ab-83d613b41d1e.json,False,0,1
cb20d432-ccec-41fc-bdd4-30c39bd0a98a,fixtures\reading_list\cb20d432-ccec-41fc-bdd4-30c39bd0a98a.json,False,0,1
cc798f85-4ff3-48c2-b78b-fc1cf085c0ad,fixtures\reading_list\cc798f85-4ff3-48c2-b78b-fc1cf085c0ad.json,False,0,0
ccc9de6a-6c87-4cc3-b143-43e94b01537b,fixtures\reading_list\ccc9de6a-6c87-4cc3-b143-43e94b01537b.json,False,0,1
ce7c642e-062c-424b-bf37-b4c7ab778cc4,fixtures\reading_list\ce7c642e-062c-424b-bf37-b4c7ab778cc4.json,False,0,1
cf325bf3-a8f3-4ac8-9079-4fdd0b52d235,fixtures\reading_list\cf325bf3-a8f3-4ac8-9079-4fdd0b52d235.json,False,0,1
cf70bc9e-2245-4aa5-81d0-1e605bc8c62c,fixtures\reading_list\cf70bc9e-2245-4aa5-81d0-1e605bc8c62c.json,False,0,1
d0387c40-4fcf-4d80-bea3-7ebd188eec48,fixtures\reading_list\d0387c40-4fcf-4d80-bea3-7ebd188eec48.json,False,0,1
d0797811-8d5a-4f9d-985b-e5180265316e,fixtures\reading_list\d0797811-8d5a-4f9d-985b-e5180265316e.json,False,0,1
d096f16e-0812-41fd-94af-511aec2df0a9,fixtures\reading_list\d096f16e-0812-41fd-94af-511aec2df0a9.json,False,0,1
d3551500-69c8-4414-818d-8bf5bbd5e68e,fixtures\reading_list\d3551500-69c8-4414-818d-8bf5bbd5e68e.json,False,0,1
d45d80ad-28f6-407e-a253-73361c2c8178,fixtures\reading_list\d45d80ad-28f6-407e-a253-73361c2c8178.json,False,0,0
d4dbe55d-5d93-4ed6-b8b4-1c318d6b003a,fixtures\reading_list\d4dbe55d-5d93-4ed6-b8b4-1c318d6b003a.json,False,0,1
d4fc3dcb-cf31-4fbb-a7fa-2153edb543e5,fixtures\reading_list\d4fc3dcb-cf31-4fbb-a7fa-2153edb543e5.json,False,0,1
d55823c7-d2f4-4882-b7b3-b734a0cbde5b,fixtures\reading_list\d55823c7-d2f4-4882-b7b3-b734a0cbde5b.json,False,0,1
d580024f-f391-49e3-b50e-212c7b33c520,fixtures\reading_list\d580024f-f391-49e3-b50e-212c7b33c520.json,False,0,1
d7121ab5-c47f-4379-84d9-63e13f1615da,fixtures\reading_list\d7121ab5-c47f-4379-84d9-63e13f1615da.json,False,0,1
d8787f54-7e7e-402c-90ee-67183887bfad,fixtures\reading_list\d8787f54-7e7e-402c-90ee-67183887bfad.json,False,0,0
d9d463f6-9b7e-431b-abb0-cf73577ca55b,fixtures\reading_list\d9d463f6-9b7e-431b-abb0-cf73577ca55b.json,False,0,1
db6d6772-a215-4817-af63-006345c1c8c6,fixtures\reading_list\db6d6772-a215-4817-af63-006345c1c8c6.json,False,0,0
dc2637cf-3344-4904-9b65-3a683264c7e0,fixtures\reading_list\dc2637cf-3344-4904-9b65-3a683264c7e0.json,False,0,1
dcfdbb78-8575-4b75-be5a-1014ffd6738c,fixtures\reading_list\dcfdbb78-8575-4b75-be5a-1014ffd6738c.json,False,0,1
dd21d830-8604-4593-af38-fd8651669a90,fixtures\reading_list\dd21d830-8604-4593-af38-fd8651669a90.json,False,0,1
dd3b6e52-b478-4bd0-833a-ad7a35bb0e95,fixtures\reading_list\dd3b6e52-b478-4bd0-833a-ad7a35bb0e95.json,False,0,0
ddcc5c9f-cc0d-4961-aa8d-148b5c169f97,fixtures\reading_list\ddcc5c9f-cc0d-4961-aa8d-148b5c169f97.json,False,0,1
de88a1a3-6124-4684-b461-c0aa4759f209,fixtures\reading_list\de88a1a3-6124-4684-b461-c0aa4759f209.json,False,0,0
e1b7bed6-a10f-4592-8d19-c5e406990a50,fixtures\reading_list\e1b7bed6-a10f-4592-8d19-c5e406990a50.json,False,0,0
e30da392-bb79-40c3-a7d5-91b9a6abddfd,fixtures\reading_list\e30da392-bb79-40c3-a7d5-91b9a6abddfd.json,False,0,0
e33616be-ee22-468f-ad4c-2d3747da47c9,fixtures\reading_list\e33616be-ee22-468f-ad4c-2d3747da47c9.json,False,0,1
e5d1da53-ecdf-4afc-94c3-5234848950d7,fixtures\reading_list\e5d1da53-ecdf-4afc-94c3-5234848950d7.json,False,0,0
e651233f-838a-4106-a58b-b0ad04078b7a,fixtures\reading_list\e651233f-838a-4106-a58b-b0ad04078b7a.json,False,0,1
e6513577-f3fa-4caf-9ff4-c10efa85fac4,fixtures\reading_list\e6513577-f3fa-4caf-9ff4-c10efa85fac4.json,False,0,1
e6a33d14-4ff8-474c-b844-56931afa7bab,fixtures\reading_list\e6a33d14-4ff8-474c-b844-56931afa7bab.json,False,0,0
e78095e2-3e9d-45d3-9a36-b36933c10ef4,fixtures\reading_list\e78095e2-3e9d-45d3-9a36-b36933c10ef4.json,False,0,0
e7e3770f-a52b-4c70-9e87-514dc46ae662,fixtures\reading_list\e7e3770f-a52b-4c70-9e87-514dc46ae662.json,False,0,1
e83d83a2-cefa-4131-8c6d-565ad6afa613,fixtures\reading_list\e83d83a2-cefa-4131-8c6d-565ad6afa613.json,False,0,1
e9713e42-06ca-414a-b5e8-a023387fd923,fixtures\reading_list\e9713e42-06ca-414a-b5e8-a023387fd923.json,False,0,1
e9b26e2f-3a9b-47ba-88c4-6a046cf576f8,fixtures\reading_list\e9b26e2f-3a9b-47ba-88c4-6a046cf576f8.json,False,0,0
e9d6cad8-697c-4f5b-b423-e7f7c735b33c,fixtures\reading_list\e9d6cad8-697c-4f5b-b423-e7f7c735b33c.json,False,0,0
ea9d0845-4b07-4424-b786-eaa6b147cdae,fixtures\reading_list\ea9d0845-4b07-4424-b786-eaa6b147cdae.json,False,0,1
eb3a3790-f296-46f8-ac53-bdd749736d20,fixtures\reading_list\eb3a3790-f296-46f8-ac53-bdd749736d20.json,False,0,0
eca0c756-cace-4359-ae29-ca4daa4bd057,fixtures\reading_list\eca0c756-cace-4359-ae29-ca4daa4bd057.json,False,0,1
ece953f5-d0e1-489d-9f71-0f4067699481,fixtures\reading_list\ece953f5-d0e1-489d-9f71-0f4067699481.json,False,0,2
eddd2fc2-66ce-4d0b-90a7-a04d45b313e0,fixtures\reading_list\eddd2fc2-66ce-4d0b-90a7-a04d45b313e0.json,False,0,0
ee02d517-31b2-462f-9792-de63e51be12b,fixtures\reading_list\ee02d517-31b2-462f-9792-de63e51be12b.json,False,0,1
eea2d81c-26d2-4925-bc52-9fc707cb7d99,fixtures\reading_list\eea2d81c-26d2-4925-bc52-9fc707cb7d99.json,False,0,1
ef13db8e-3ac7-487b-9b3c-3924d5566f95,fixtures\reading_list\ef13db8e-3ac7-487b-9b3c-3924d5566f95.json,False,0,1
f0797625-f745-4adf-a307-a753be4f3d9b,fixtures\reading_list\f0797625-f745-4adf-a307-a753be4f3d9b.json,False,0,1
f08eb43b-6e11-4a3f-bb4b-314873b8a9cc,fixtures\reading_list\f08eb43b-6e11-4a3f-bb4b-314873b8a9cc.json,False,0,1
f1a2ba53-d9c5-49d4-b0dc-e9e4e1edc6fa,fixtures\reading_list\f1a2ba53-d9c5-49d4-b0dc-e9e4e1edc6fa.json,False,0,1
f1bde61c-cf28-4e4d-8fca-6ba51eca7aa9,fixtures\reading_list\f1bde61c-cf28-4e4d-8fca-6ba51eca7aa9.json,False,0,0
f23870e6-b0bf-4c31-99a7-10725ff154c2,fixtures\reading_list\f23870e6-b0bf-4c31-99a7-10725ff154c2.json,False,0,0
f37ad3f7-c989-49e9-b32e-445b72ce4460,fixtures\reading_list\f37ad3f7-c989-49e9-b32e-445b72ce4460.json,False,0,1
f4265890-7231-4ae2-9521-76858277c49f,fixtures\reading_list\f4265890-7231-4ae2-9521-76858277c49f.json,False,0,1
f43c2627-49d3-4784-8447-f8b2ea71c418,fixtures\reading_list\f43c2627-49d3-4784-8447-f8b2ea71c418.json,False,0,1
f47db1a9-7a83-4d63-90f8-247aaf207e22,fixtures\reading_list\f47db1a9-7a83-4d63-90f8-247aaf207e22.json,False,0,1
f4eca824-f45d-4d9a-af1a-330f0b5a71e3,fixtures\reading_list\f4eca824-f45d-4d9a-af1a-330f0b5a71e3.json,False,0,1
f59306b7-b008-4f05-8b8e-9f23fe23d3bb,fixtures\reading_list\f59306b7-b008-4f05-8b8e-9f23fe23d3bb.json,False,0,0
f63cd07e-a843-4bea-94ad-bf5cbf7f7434,fixtures\reading_list\f63cd07e-a843-4bea-94ad-bf5cbf7f7434.json,False,0,1
f65a3a00-aed2-4175-87f3-48b65eced061,fixtures\reading_list\f65a3a00-aed2-4175-87f3-48b65eced061.json,False,0,1
f9e2b800-cbc9-45e8-a70a-e8f38b1f4eb0,fixtures\reading_list\f9e2b800-cbc9-45e8-a70a-e8f38b1f4eb0.json,False,0,1
faa6391e-6d1b-47f2-8df1-8cd385410bf0,fixtures\reading_list\faa6391e-6d1b-47f2-8df1-8cd385410bf0.json,False,0,0
fb63356e-765b-42c3-b895-2e9e819456f7,fixtures\reading_list\fb63356e-765b-42c3-b895-2e9e819456f7.json,False,0,1
fbabc039-d7a3-4330-88f4-1038cbba4145,fixtures\reading_list\fbabc039-d7a3-4330-88f4-1038cbba4145.json,False,0,1
fbe0c99f-8e17-471c-a700-6586193253e2,fixtures\reading_list\fbe0c99f-8e17-471c-a700-6586193253e2.json,False,0,1
fce6f166-abcf-4029-b178-ef1e6fafd0db,fixtures\reading_list\fce6f166-abcf-4029-b178-ef1e6fafd0db.json,False,0,0
fd6153cf-0a1c-4664-9a99-74f4264d7d8e,fixtures\reading_list\fd6153cf-0a1c-4664-9a99-74f4264d7d8e.json,False,0,1
fe76c297-6135-4a41-b537-d3637a4ac389,fixtures\reading_list\fe76c297-6135-4a41-b537-d3637a4ac389.json,False,0,1
feed6182-8c3a-40dd-88f7-c7877f66b8de,fixtures\reading_list\feed6182-8c3a-40dd-88f7-c7877f66b8de.json,False,0,1
